,City,Cloudiness,Country,Date,Humidity,Lat,Lng,Max Temp,Wind Speed
0,carroll,92.0,AU,1535659200.0,60.0,-30.99,150.44,42.8,15.21
2,mar del plata,0.0,AR,1535659655.0,41.0,-46.43,-67.52,50.6,4.14
3,yamada,75.0,JP,1535655600.0,83.0,36.58,137.08,78.8,10.29
5,east london,0.0,ZA,1535659967.0,92.0,-33.02,27.91,71.12,20.69
6,yellowknife,75.0,CA,1535655600.0,47.0,62.45,-114.38,57.2,2.24
7,karpathos,20.0,GR,1535656800.0,78.0,35.51,27.21,78.8,16.11
8,kalmunai,36.0,LK,1535660067.0,100.0,7.42,81.82,73.19,3.58
9,bredasdorp,32.0,ZA,1535655600.0,87.0,-34.53,20.04,60.8,1.12
10,caieiras,0.0,BR,1535659200.0,37.0,-23.36,-46.75,82.4,8.05
11,jamestown,92.0,AU,1535659907.0,99.0,-33.21,138.6,47.09,15.66
12,muisne,12.0,EC,1535660068.0,61.0,0.61,-80.02,83.54,10.74
13,tazovskiy,0.0,RU,1535660068.0,75.0,67.47,78.7,39.35,14.76
14,altar,0.0,MX,1535660068.0,38.0,30.72,-111.84,95.96,5.03
15,ahipara,92.0,NZ,1535660069.0,95.0,-35.17,173.16,56.27,9.06
16,atuona,0.0,PF,1535659914.0,99.0,-9.8,-139.03,79.67,19.01
17,necochea,80.0,AR,1535660069.0,61.0,-38.55,-58.74,48.53,13.98
18,bambous virieux,20.0,MU,1535655600.0,68.0,-20.34,57.76,69.8,8.05
19,svetlograd,0.0,RU,1535657400.0,60.0,45.34,42.84,75.2,11.18
20,hermanus,24.0,ZA,1535659898.0,89.0,-34.42,19.24,44.66,2.35
21,muros,0.0,ES,1535657400.0,82.0,42.77,-9.06,64.4,8.05
22,lagoa,0.0,PT,1535657400.0,73.0,37.14,-8.45,73.4,6.93
23,bereznehuvate,0.0,UA,1535660071.0,41.0,47.31,32.85,74.99,11.52
24,dunedin,0.0,NZ,1535659859.0,84.0,-45.87,170.5,35.66,2.68
25,ushuaia,75.0,AR,1535655600.0,65.0,-54.81,-68.31,42.8,20.8
27,victoria,75.0,BN,1535657400.0,94.0,5.28,115.24,80.6,6.04
28,gebre guracha,76.0,ET,1535660073.0,95.0,9.8,38.4,54.92,1.9
29,manakara,92.0,MG,1535660073.0,100.0,-22.14,48.01,68.87,6.93
30,arraial do cabo,0.0,BR,1535659200.0,65.0,-22.97,-42.02,77.0,18.34
31,lima,12.0,PE,1535659931.0,60.0,-12.06,-77.04,67.34,3.13
32,new cumnock,0.0,GB,1535656800.0,76.0,55.39,-4.18,59.0,3.36
33,jiazi,0.0,CN,1535655600.0,94.0,19.61,110.49,80.6,6.71
34,ximei,75.0,TW,1535655600.0,83.0,23.74,120.51,77.0,2.57
35,dikson,80.0,RU,1535660075.0,100.0,73.51,80.55,41.6,9.62
36,mataura,32.0,NZ,1535659937.0,89.0,-46.19,168.86,37.64,2.68
37,san cristobal,75.0,EC,1535659200.0,45.0,-0.39,-78.55,66.2,21.92
38,flinders,0.0,AU,1535655600.0,93.0,-34.58,150.85,39.2,9.06
39,port alfred,32.0,ZA,1535660057.0,73.0,-33.59,26.89,69.32,13.87
40,kavieng,76.0,PG,1535660077.0,100.0,-2.57,150.8,81.2,7.38
41,tiksi,88.0,RU,1535660077.0,70.0,71.64,128.87,56.99,14.99
42,vaini,92.0,IN,1535659895.0,98.0,15.34,74.49,68.51,4.47
43,itoman,20.0,JP,1535658960.0,91.0,26.12,127.67,82.4,3.36
44,dufftown,20.0,GB,1535656800.0,71.0,57.45,-3.13,55.4,5.37
45,pevek,64.0,RU,1535660078.0,96.0,69.7,170.27,45.02,4.36
47,hobart,90.0,AU,1535659200.0,81.0,-42.88,147.33,46.4,6.93
48,terrace,75.0,CA,1535655600.0,59.0,54.52,-128.61,64.4,12.75
49,saint-philippe,90.0,CA,1535658900.0,61.0,45.36,-73.48,69.8,8.05
50,bosaso,8.0,SO,1535660079.0,89.0,11.28,49.18,87.05,7.94
51,omboue,92.0,GA,1535660080.0,100.0,-1.57,9.26,76.07,11.41
52,rikitea,100.0,PF,1535659906.0,100.0,-23.12,-134.97,66.89,17.67
53,ilulissat,75.0,GL,1535658600.0,95.0,69.22,-51.1,39.2,4.14
55,longyearbyen,75.0,NO,1535655000.0,70.0,78.22,15.63,46.4,34.45
56,puerto ayora,0.0,EC,1535659200.0,51.0,-0.74,-90.35,80.6,16.11
57,sorland,75.0,NO,1535656800.0,87.0,67.67,12.69,50.0,12.75
58,tuktoyaktuk,90.0,CA,1535655600.0,87.0,69.44,-133.03,42.8,9.17
59,savannah bight,0.0,HN,1535660081.0,90.0,16.45,-85.85,85.7,15.99
60,sapa,75.0,PH,1535659200.0,100.0,14.32,120.76,80.6,1.12
61,hilo,90.0,US,1535655360.0,64.0,19.71,-155.08,80.06,9.17
62,geraldton,75.0,CA,1535655600.0,56.0,49.72,-86.95,68.0,13.87
64,shelburne,75.0,CA,1535659020.0,63.0,44.08,-80.2,66.2,2.24
65,lukovetskiy,0.0,RU,1535657400.0,87.0,64.29,41.92,51.8,6.71
66,ustka,92.0,PL,1535660083.0,100.0,54.58,16.86,62.66,3.13
67,torbay,75.0,CA,1535655600.0,67.0,47.66,-52.73,60.8,19.46
68,leningradskiy,8.0,RU,1535659903.0,88.0,69.38,178.42,41.6,16.22
69,sambava,80.0,MG,1535660083.0,100.0,-14.27,50.17,72.92,18.45
70,mugango,75.0,TZ,1535655600.0,78.0,-1.69,33.7,73.4,12.97
72,dingle,48.0,PH,1535660084.0,95.0,11.0,122.67,72.47,2.57
73,ozernovskiy,0.0,RU,1535660084.0,96.0,51.5,156.52,45.2,2.57
75,beringovskiy,68.0,RU,1535660085.0,97.0,63.05,179.32,51.23,16.55
77,litovko,0.0,RU,1535660086.0,80.0,49.24,135.18,53.66,5.26
78,provideniya,90.0,RU,1535657400.0,70.0,64.42,-173.23,46.4,2.24
79,isangel,0.0,VU,1535660086.0,100.0,-19.55,169.27,72.56,15.43
80,hasaki,20.0,JP,1535657400.0,88.0,35.73,140.83,78.8,8.05
81,chokurdakh,0.0,RU,1535659917.0,61.0,70.62,147.9,51.59,12.86
82,yangambi,88.0,CD,1535660087.0,98.0,0.77,24.47,71.3,2.35
83,cape town,0.0,ZA,1535655600.0,93.0,-33.93,18.42,51.8,2.24
85,bluff,0.0,AU,1535659913.0,88.0,-23.58,149.07,53.57,7.38
86,high level,90.0,CA,1535655600.0,93.0,58.52,-117.13,50.0,4.7
87,klaksvik,88.0,FO,1535656800.0,81.0,62.23,-6.59,50.0,5.82
88,butaritari,68.0,KI,1535659915.0,100.0,3.07,172.79,82.91,1.57
90,isabela,92.0,PH,1535660089.0,96.0,10.2,122.99,74.54,3.13
91,luderitz,24.0,NA,1535660090.0,94.0,-26.65,15.16,53.3,4.36
92,saldanha,0.0,PT,1535660090.0,74.0,41.42,-6.55,64.19,2.68
94,punta arenas,75.0,CL,1535655600.0,93.0,-53.16,-70.91,44.6,20.8
95,kokopo,92.0,PG,1535660091.0,100.0,-4.34,152.27,72.65,5.48
96,castro,0.0,CL,1535659905.0,64.0,-42.48,-73.76,50.96,3.47
97,souillac,0.0,FR,1535657400.0,64.0,45.6,-0.6,69.8,5.82
98,roros,8.0,NO,1535656800.0,87.0,62.57,11.38,42.8,2.24
99,new norfolk,90.0,AU,1535659200.0,81.0,-42.78,147.06,46.4,6.93
100,pendleton,40.0,US,1535658900.0,45.0,34.65,-82.78,92.48,5.82
101,busselton,76.0,AU,1535659892.0,100.0,-33.64,115.35,54.56,10.96
102,noumea,20.0,NC,1535659200.0,82.0,-22.28,166.46,59.0,2.24
103,sao filipe,76.0,CV,1535659950.0,100.0,14.9,-24.5,77.87,12.64
104,manokwari,44.0,ID,1535660093.0,100.0,-0.87,134.08,79.94,2.13
105,jiwani,88.0,PK,1535660093.0,97.0,25.05,61.74,79.22,4.14
106,sterling,75.0,US,1535658960.0,57.0,39.0,-77.4,93.02,8.05
107,kisangani,80.0,CD,1535660093.0,100.0,0.52,25.21,71.21,2.57
108,thompson,75.0,CA,1535655720.0,87.0,55.74,-97.86,59.0,4.7
109,karak,0.0,JO,1535655600.0,57.0,31.18,35.7,78.8,5.82
110,pionerskiy,0.0,RU,1535660095.0,92.0,61.2,62.86,41.15,3.91
111,nikolskoye,20.0,RU,1535657400.0,93.0,59.7,30.79,59.0,2.24
112,nouadhibou,48.0,MR,1535655600.0,78.0,20.93,-17.03,71.6,21.92
113,blagoyevo,0.0,RU,1535660096.0,81.0,63.37,47.92,47.0,5.59
114,albany,40.0,US,1535658840.0,57.0,42.65,-73.75,80.6,6.93
115,lubao,75.0,PH,1535659200.0,88.0,14.94,120.6,80.6,2.24
116,esperance,40.0,TT,1535659200.0,66.0,10.24,-61.45,89.6,10.29
117,tlazazalca,90.0,MX,1535658300.0,73.0,19.97,-102.06,73.4,6.93
118,grand gaube,20.0,MU,1535655600.0,68.0,-20.01,57.66,69.8,8.05
119,port lincoln,92.0,AU,1535660098.0,100.0,-34.72,135.86,53.3,24.27
120,novaya igirma,0.0,RU,1535660098.0,98.0,57.14,103.93,48.26,2.57
121,qaanaaq,0.0,GL,1535659899.0,100.0,77.48,-69.36,33.23,2.8
122,lebu,75.0,ET,1535659200.0,87.0,8.96,38.73,60.8,4.7
123,tessalit,0.0,ML,1535660098.0,28.0,20.2,1.01,83.99,3.36
124,upernavik,76.0,GL,1535659913.0,100.0,72.79,-56.15,36.83,14.2
125,codrington,0.0,AU,1535660099.0,83.0,-28.95,153.24,44.21,3.91
126,mehamn,0.0,NO,1535655000.0,59.0,71.03,27.85,62.6,18.34
127,fairbanks,90.0,US,1535659080.0,96.0,64.84,-147.72,47.12,11.41
128,rindal,56.0,NO,1535660100.0,92.0,63.05,9.21,45.02,1.45
129,smoky lake,44.0,CA,1535660100.0,78.0,54.11,-112.47,57.53,19.01
130,aksarka,8.0,RU,1535660100.0,85.0,66.56,67.8,34.76,2.57
131,barrow,88.0,AR,1535659904.0,51.0,-38.31,-60.23,49.16,13.87
133,yanji,12.0,CN,1535660102.0,85.0,42.89,129.5,60.5,5.48
134,solenzo,32.0,BF,1535660102.0,79.0,12.18,-4.08,78.05,7.72
135,sibolga,88.0,ID,1535660103.0,100.0,1.74,98.78,68.87,0.78
136,kapaa,75.0,US,1535655360.0,76.0,22.08,-159.32,84.02,17.22
137,carlagan,32.0,PH,1535660103.0,100.0,14.97,122.05,79.04,7.94
138,voh,0.0,NC,1535660103.0,100.0,-20.95,164.69,68.69,14.76
139,bethel,90.0,US,1535658780.0,92.0,60.79,-161.76,50.0,18.34
140,eyl,24.0,SO,1535660104.0,72.0,7.98,49.82,77.24,25.28
141,vostok,92.0,RU,1535660005.0,99.0,46.45,135.83,59.06,2.35
142,impfondo,36.0,CD,1535660105.0,85.0,1.62,18.06,76.43,2.91
144,nkan,32.0,GQ,1535660106.0,89.0,2.26,11.22,73.01,3.36
145,sabang,80.0,PH,1535660106.0,98.0,13.72,123.58,78.77,4.25
146,saint anthony,1.0,US,1535655360.0,20.0,43.97,-111.68,80.06,14.99
147,benghazi,0.0,LY,1535660107.0,97.0,32.12,20.07,82.1,15.21
148,bedesa,8.0,ET,1535660108.0,82.0,8.9,40.78,58.79,6.71
149,kargil,12.0,PK,1535660108.0,91.0,34.56,76.13,26.75,0.89
150,avarua,75.0,CK,1535659200.0,73.0,-21.21,-159.78,71.6,12.75
151,calca,75.0,PE,1535659200.0,14.0,-13.32,-71.96,68.0,8.05
153,weligama,88.0,LK,1535660110.0,93.0,5.97,80.42,78.14,12.19
154,le pont-de-claix,90.0,FR,1535657400.0,63.0,45.12,5.7,62.6,3.36
155,yerbogachen,8.0,RU,1535660004.0,84.0,61.28,108.01,54.47,4.92
156,rio grande,20.0,BR,1535659200.0,88.0,-32.03,-52.1,66.2,4.7
157,qaqortoq,40.0,GL,1535658600.0,49.0,60.72,-46.03,46.4,28.86
158,hami,0.0,CN,1535660112.0,66.0,42.84,93.51,61.67,5.37
159,plainview,1.0,US,1535658780.0,31.0,34.18,-101.71,93.92,10.29
160,deputatskiy,0.0,RU,1535660113.0,83.0,69.3,139.9,49.61,7.38
161,teahupoo,40.0,PF,1535659200.0,61.0,-17.83,-149.27,80.6,3.36
162,shingu,56.0,JP,1535660114.0,97.0,33.72,135.99,80.39,14.76
163,otjiwarongo,0.0,NA,1535660114.0,38.0,-20.46,16.65,56.09,4.92
164,progreso,90.0,UY,1535659200.0,93.0,-34.68,-56.22,51.8,17.22
165,chama,0.0,ZM,1535660115.0,65.0,-11.22,33.16,63.2,10.96
166,haines junction,32.0,CA,1535660116.0,57.0,60.75,-137.51,50.69,4.92
167,mahebourg,20.0,MU,1535655600.0,68.0,-20.41,57.7,69.8,8.05
168,kumla,40.0,SE,1535656800.0,93.0,59.13,15.14,60.8,4.7
169,lourdes,20.0,SV,1535658600.0,52.0,13.73,-89.37,91.4,3.36
170,berlevag,0.0,NO,1535655000.0,59.0,70.86,29.09,62.6,18.34
171,kodiak,90.0,US,1535655180.0,84.0,39.95,-94.76,75.02,11.41
172,yeppoon,0.0,AU,1535659200.0,93.0,-23.13,150.74,51.8,5.59
173,faya,5.0,SA,1535655600.0,82.0,18.39,42.45,69.8,9.17
174,cabo san lucas,20.0,MX,1535658060.0,66.0,22.89,-109.91,89.6,5.82
176,la carolina,0.0,ES,1535660081.0,71.0,38.27,-3.62,69.14,2.46
177,gaoual,92.0,GN,1535660120.0,98.0,11.75,-13.2,71.84,9.4
178,oum hadjer,0.0,TD,1535660121.0,73.0,13.3,19.7,76.79,3.69
179,sampit,8.0,ID,1535660121.0,88.0,-2.54,112.95,73.1,5.7
181,carnarvon,64.0,ZA,1535660009.0,29.0,-30.97,22.13,50.6,7.27
184,ninghai,0.0,CN,1535655600.0,78.0,29.29,121.42,80.6,8.95
185,ostrovnoy,48.0,RU,1535660123.0,66.0,68.05,39.51,53.3,16.89
186,wattegama,100.0,LK,1535660123.0,94.0,7.35,80.68,71.3,5.14
187,lorengau,64.0,PG,1535660123.0,100.0,-2.02,147.27,81.2,5.14
188,pascagoula,90.0,US,1535658960.0,87.0,30.37,-88.56,80.06,5.82
189,severo-kurilsk,0.0,RU,1535659954.0,99.0,50.68,156.12,48.98,3.58
190,tabou,88.0,CI,1535660125.0,100.0,4.42,-7.36,77.96,10.07
191,canapi,92.0,BR,1535660125.0,84.0,-9.12,-37.6,69.32,12.08
192,ketchikan,75.0,US,1535658960.0,74.0,55.34,-131.65,60.98,12.75
193,moctezuma,0.0,MX,1535660126.0,43.0,29.81,-109.68,90.47,2.35
194,kasongo-lunda,8.0,CD,1535660126.0,67.0,-6.48,16.82,73.82,2.57
195,la romana,90.0,DO,1535659200.0,100.0,18.43,-68.97,82.4,9.17
196,saint-pierre,0.0,FR,1535657400.0,72.0,48.95,4.24,62.6,5.82
197,prince rupert,90.0,CA,1535659080.0,93.0,54.32,-130.32,55.4,2.24
198,matara,0.0,PE,1535655600.0,54.0,-13.74,-72.9,53.6,2.57
199,mahajanga,40.0,MG,1535655600.0,78.0,-15.72,46.32,75.2,6.38
200,tuatapere,0.0,NZ,1535660129.0,100.0,-46.13,167.69,43.4,5.48
201,east wenatchee bench,1.0,US,1535658900.0,27.0,47.43,-120.28,78.98,9.17
202,saskylakh,68.0,RU,1535660006.0,92.0,71.97,114.09,41.42,13.76
203,lata,88.0,IN,1535659954.0,100.0,30.78,78.62,58.07,1.68
204,ponta delgada,20.0,PT,1535657400.0,83.0,37.73,-25.67,75.2,10.29
205,faanui,20.0,PF,1535660005.0,100.0,-16.48,-151.75,78.32,27.51
206,hambantota,76.0,LK,1535660130.0,99.0,6.12,81.12,79.94,16.67
207,prachuap khiri khan,88.0,TH,1535660131.0,91.0,11.81,99.79,73.73,7.49
208,chiriguana,24.0,CO,1535660131.0,100.0,9.36,-73.6,88.13,3.02
209,kavaratti,32.0,IN,1535659917.0,100.0,10.57,72.64,80.84,14.2
210,ribeira grande,20.0,PT,1535657400.0,83.0,38.52,-28.7,77.0,10.29
211,chiredzi,0.0,ZW,1535660132.0,64.0,-21.05,31.67,58.43,4.03
212,constitucion,75.0,MX,1535658000.0,33.0,23.99,-104.67,77.0,3.36
213,tautira,40.0,PF,1535657400.0,61.0,-17.73,-149.15,80.6,4.7
214,massakory,68.0,TD,1535660132.0,89.0,13.0,15.73,75.98,3.13
215,chuy,92.0,UY,1535659892.0,96.0,-33.69,-53.46,56.36,18.9
216,ourossogui,75.0,SN,1535655600.0,66.0,15.61,-13.32,89.6,2.24
217,fort nelson,75.0,CA,1535655600.0,71.0,58.81,-122.69,50.0,4.7
218,alekseyevka,0.0,RU,1535657400.0,59.0,53.25,50.49,62.6,2.24
219,portland,90.0,US,1535658960.0,65.0,45.52,-122.67,68.0,3.36
220,ponta do sol,56.0,BR,1535659792.0,42.0,-20.63,-46.0,73.91,4.14
221,yulara,0.0,AU,1535659200.0,48.0,-25.24,130.99,46.4,5.82
222,yagodnoye,0.0,RU,1535660134.0,83.0,62.52,149.63,40.43,2.13
223,katsuura,48.0,JP,1535660058.0,93.0,33.93,134.5,77.33,3.13
225,nishihara,1.0,JP,1535658960.0,88.0,35.74,139.53,82.4,3.36
226,honiara,40.0,SB,1535659200.0,94.0,-9.43,159.96,73.4,3.36
227,karratha,0.0,AU,1535659941.0,51.0,-20.74,116.85,53.48,9.95
228,covington,75.0,US,1535659380.0,65.0,35.56,-89.65,89.96,3.36
229,sitka,0.0,US,1535659626.0,29.0,37.17,-99.65,100.73,22.03
230,keetmanshoop,0.0,NA,1535660136.0,24.0,-26.57,18.15,64.19,7.72
231,shimoda,8.0,JP,1535660136.0,92.0,34.7,138.93,81.2,20.47
232,ancud,0.0,CL,1535660136.0,58.0,-41.87,-73.83,53.21,3.58
233,kruisfontein,0.0,ZA,1535660137.0,86.0,-34.0,24.73,60.05,2.35
234,kambove,0.0,CD,1535660137.0,47.0,-10.88,26.6,59.96,5.7
235,southampton,0.0,GB,1535656800.0,82.0,50.9,-1.4,62.6,5.14
236,aksu,0.0,KZ,1535657400.0,100.0,52.04,76.93,46.4,6.71
237,banda aceh,32.0,ID,1535659924.0,99.0,5.56,95.32,73.91,3.24
238,kralendijk,20.0,BQ,1535658900.0,66.0,12.15,-68.27,89.6,17.22
239,cherskiy,8.0,RU,1535660138.0,72.0,68.75,161.3,47.18,4.59
240,saint-francois,0.0,FR,1535657400.0,59.0,46.42,3.91,64.4,4.7
241,buin,75.0,CL,1535659200.0,36.0,-33.73,-70.74,62.6,6.93
242,avera,40.0,US,1535657700.0,39.0,33.19,-82.53,95.0,5.82
243,alvand,0.0,IR,1535655600.0,43.0,36.19,50.06,71.6,4.7
244,xiaoweizhai,92.0,CN,1535660140.0,99.0,26.23,107.51,67.52,1.12
246,georgetown,20.0,GY,1535659200.0,59.0,6.8,-58.16,89.6,11.41
248,myrtle beach,1.0,US,1535658780.0,69.0,33.7,-78.89,93.2,12.75
249,port hedland,0.0,AU,1535659200.0,87.0,-20.31,118.58,51.8,4.7
250,sakaiminato,75.0,JP,1535655600.0,69.0,35.55,133.23,80.6,12.75
251,qasigiannguit,75.0,GL,1535658600.0,95.0,68.82,-51.19,39.2,4.14
252,khatanga,88.0,RU,1535659950.0,64.0,71.98,102.47,36.2,18.12
254,namie,24.0,JP,1535660142.0,95.0,37.52,140.86,74.0,3.58
255,los llanos de aridane,20.0,ES,1535657400.0,73.0,28.66,-17.92,75.2,17.22
257,taunggyi,68.0,MM,1535660143.0,97.0,20.78,97.03,66.8,2.35
258,najran,40.0,SA,1535655600.0,18.0,17.54,44.22,89.6,11.41
259,port-gentil,75.0,GA,1535655600.0,83.0,-0.72,8.78,77.0,11.41
261,urengoy,20.0,RU,1535660143.0,73.0,65.96,78.37,40.52,15.43
262,samarai,92.0,PG,1535660144.0,100.0,-10.62,150.67,74.09,1.79
263,clyde river,20.0,CA,1535655600.0,75.0,70.47,-68.59,41.0,16.11
264,egvekinot,8.0,RU,1535660059.0,67.0,66.32,-179.17,51.59,4.92
265,nuuk,90.0,GL,1535658600.0,86.0,64.17,-51.74,37.4,21.92
266,taltal,0.0,CL,1535660144.0,71.0,-25.41,-70.49,60.41,2.91
267,tura,88.0,IN,1535659957.0,94.0,25.52,90.21,77.6,3.02
268,cayenne,0.0,GF,1535657400.0,55.0,4.94,-52.33,87.8,5.82
269,tenenkou,24.0,ML,1535660145.0,77.0,14.46,-4.91,80.93,6.93
271,reconquista,20.0,AR,1535660146.0,78.0,-29.14,-59.64,75.8,4.14
272,coos bay,90.0,US,1535658360.0,87.0,43.37,-124.22,59.0,10.29
274,hithadhoo,68.0,MV,1535660146.0,100.0,-0.6,73.08,83.36,2.46
275,beloha,0.0,MG,1535660146.0,80.0,-25.17,45.06,63.29,14.09
276,husavik,20.0,CA,1535660147.0,53.0,50.56,-96.99,79.22,24.05
277,guilin,75.0,CN,1535655600.0,100.0,25.28,110.29,77.0,2.24
278,port hardy,40.0,CA,1535655600.0,87.0,50.7,-127.42,57.2,5.82
279,talara,0.0,PE,1535660147.0,53.0,-4.58,-81.27,79.94,12.08
280,sorong,48.0,ID,1535660148.0,100.0,-0.86,131.25,79.31,13.65
281,pisco,0.0,PE,1535659200.0,30.0,-13.71,-76.2,71.6,14.99
282,broome,0.0,GB,1535658960.0,87.0,52.47,1.45,57.2,1.12
283,tiarei,40.0,PF,1535659200.0,61.0,-17.53,-149.33,80.6,3.36
284,angoche,32.0,MZ,1535660149.0,100.0,-16.23,39.91,77.15,14.43
285,dalianwan,0.0,CN,1535657400.0,100.0,39.03,121.69,68.0,4.47
287,goderich,32.0,CA,1535660149.0,89.0,43.74,-81.71,69.5,6.38
288,banjar,80.0,ID,1535660150.0,97.0,-7.37,108.54,68.42,2.35
289,fare,12.0,PF,1535660150.0,100.0,-16.7,-151.02,77.96,26.51
290,nome,1.0,US,1535658780.0,53.0,30.04,-94.42,92.84,8.05
291,atambua,20.0,ID,1535660151.0,100.0,-9.11,124.89,74.0,6.04
292,kamaishi,92.0,JP,1535660151.0,98.0,39.28,141.86,69.59,2.91
293,moose factory,75.0,CA,1535655600.0,52.0,51.26,-80.61,64.4,10.29
294,forestville,75.0,CA,1535655600.0,63.0,48.74,-69.09,62.6,10.29
295,montepuez,32.0,MZ,1535660152.0,61.0,-13.13,39.0,71.66,10.29
297,aklavik,75.0,CA,1535655600.0,81.0,68.22,-135.01,51.8,4.7
298,padang,56.0,ID,1535660152.0,100.0,-0.92,100.36,76.97,5.93
299,alice springs,0.0,AU,1535659200.0,34.0,-23.7,133.88,53.6,6.93
300,aiken,1.0,US,1535658780.0,40.0,33.56,-81.72,95.0,9.17
301,mount forest,90.0,CA,1535655600.0,68.0,43.98,-80.74,66.2,8.05
302,caravelas,12.0,BR,1535660058.0,99.0,-17.73,-39.27,76.07,11.63
303,salalah,90.0,OM,1535658600.0,100.0,17.01,54.1,75.2,3.36
304,hue,40.0,VN,1535659200.0,62.0,16.47,107.58,84.2,2.24
305,meulaboh,88.0,ID,1535660154.0,100.0,4.14,96.13,76.7,4.92
307,kampong chhnang,0.0,KH,1535660154.0,93.0,12.25,104.67,74.0,4.92
308,kostomuksha,56.0,RU,1535660154.0,83.0,64.59,30.6,60.59,5.14
309,cidreira,24.0,BR,1535660057.0,76.0,-30.17,-50.22,69.41,5.7
310,hirara,76.0,JP,1535660155.0,100.0,24.8,125.28,81.65,7.94
311,nioro,100.0,GM,1535660155.0,99.0,13.79,-15.05,73.64,14.65
313,tooele,1.0,US,1535658960.0,2.0,40.53,-112.3,87.98,21.92
315,gayeri,44.0,BF,1535660156.0,96.0,12.65,0.49,72.65,2.57
316,orlik,88.0,RU,1535660156.0,100.0,52.51,99.83,44.03,2.13
317,wolow,0.0,PL,1535657400.0,88.0,51.34,16.64,62.6,9.17
319,alihe,8.0,CN,1535660157.0,86.0,50.57,123.73,45.83,2.24
320,airai,56.0,TL,1535660157.0,96.0,-8.93,125.41,66.53,1.68
321,mount isa,0.0,AU,1535659200.0,77.0,-20.73,139.49,60.8,5.82
322,kampot,0.0,KH,1535660158.0,97.0,10.62,104.18,74.09,3.36
324,porto franco,0.0,BR,1535660158.0,25.0,-6.34,-47.4,92.63,7.72
325,puerto narino,75.0,CO,1535659200.0,62.0,-3.77,-70.38,89.6,5.82
326,morant bay,40.0,JM,1535659200.0,74.0,17.88,-76.41,87.8,8.05
327,ust-ishim,12.0,RU,1535660159.0,83.0,57.69,71.17,47.54,12.53
328,vanimo,64.0,PG,1535660159.0,100.0,-2.67,141.3,78.14,5.93
329,hirado,88.0,JP,1535660159.0,100.0,33.32,129.49,79.67,12.19
330,mogadishu,88.0,SO,1535659909.0,99.0,2.04,45.34,76.97,18.79
331,itacoatiara,12.0,BR,1535660161.0,50.0,-3.14,-58.44,90.74,5.59
332,jinchang,92.0,CN,1535660161.0,98.0,38.52,102.19,58.97,2.91
333,soyo,0.0,AO,1535660161.0,87.0,-6.13,12.37,70.58,4.92
334,biskamzha,92.0,RU,1535660162.0,99.0,53.45,89.53,51.86,1.01
335,tasiilaq,92.0,GL,1535658600.0,70.0,65.61,-37.64,44.6,36.91
336,comodoro rivadavia,0.0,AR,1535655600.0,32.0,-45.87,-67.48,51.8,9.17
338,nichinan,8.0,JP,1535660163.0,100.0,31.65,131.31,76.43,5.59
339,wanaka,44.0,NZ,1535659995.0,92.0,-44.7,169.14,31.43,2.13
340,sinnamary,0.0,GF,1535660164.0,90.0,5.38,-52.96,84.17,10.51
341,conkal,75.0,MX,1535658120.0,47.0,21.08,-89.52,95.0,4.7
342,mamallapuram,90.0,IN,1535659200.0,94.0,12.63,80.17,78.8,13.87
343,sargatskoye,92.0,RU,1535660165.0,100.0,55.6,73.49,50.42,18.45
344,cairns,40.0,AU,1535659200.0,82.0,-16.92,145.77,60.8,4.7
345,port keats,0.0,AU,1535660165.0,95.0,-14.25,129.55,71.57,8.84
348,nanortalik,0.0,GL,1535660007.0,95.0,60.14,-45.24,41.06,44.96
349,cali,75.0,CO,1535659200.0,48.0,3.43,-76.51,86.0,6.93
351,komsomolskiy,8.0,RU,1535660167.0,87.0,67.55,63.78,36.65,2.91
352,sumbe,20.0,AO,1535660167.0,100.0,-11.2,13.84,66.26,4.92
353,hamilton,75.0,CA,1535655600.0,68.0,43.26,-79.87,68.0,11.41
354,shakiso,92.0,ET,1535660169.0,79.0,5.77,38.9,59.51,3.13
357,sredniy ikorets,80.0,RU,1535660169.0,50.0,51.07,39.76,71.12,11.74
359,laguna,40.0,MX,1535658000.0,46.0,27.52,-110.01,91.4,3.36
360,novouzensk,68.0,RU,1535660170.0,30.0,50.46,48.14,70.04,10.4
361,edd,36.0,ER,1535660171.0,54.0,13.93,41.69,80.39,2.57
363,melbourne,40.0,AU,1535659200.0,82.0,-37.81,144.96,57.2,9.17
364,rakiv lis,100.0,UA,1535660171.0,62.0,51.62,24.92,68.51,9.62
365,coihaique,0.0,CL,1535659200.0,42.0,-45.58,-72.07,51.8,6.93
366,san patricio,64.0,PY,1535660172.0,92.0,-26.98,-56.83,72.65,2.01
367,bangassou,88.0,CF,1535660172.0,100.0,4.74,22.82,71.12,2.46
369,erzin,0.0,TR,1535656800.0,74.0,36.95,36.2,80.6,2.01
370,acapulco,75.0,MX,1535658420.0,58.0,16.86,-99.88,87.8,5.82
372,bereda,0.0,ES,1535657400.0,77.0,43.27,-7.54,66.2,4.7
374,kargasok,92.0,RU,1535660174.0,84.0,59.06,80.87,56.36,2.57
375,callaway,1.0,US,1535657700.0,46.0,46.98,-95.91,78.08,24.16
376,miri,80.0,NG,1535660175.0,96.0,10.31,9.75,70.4,2.57
377,galle,75.0,US,1535658780.0,37.0,29.74,-97.91,96.98,4.7
379,vila velha,0.0,BR,1535659200.0,74.0,-3.71,-38.6,80.6,16.11
380,ballina,8.0,IE,1535660176.0,84.0,54.11,-9.15,53.12,6.38
381,leh,68.0,IN,1535660176.0,82.0,34.16,77.58,22.79,0.67
382,cotonou,20.0,BJ,1535655600.0,83.0,6.37,2.43,78.8,11.41
383,college,90.0,US,1535656320.0,100.0,64.86,-147.8,46.4,12.53
384,camacha,40.0,PT,1535657400.0,73.0,33.08,-16.33,73.4,17.22
385,tual,36.0,ID,1535660177.0,99.0,-5.67,132.75,79.49,5.59
386,praia,40.0,BR,1535655600.0,44.0,-20.25,-43.81,75.2,5.82
387,srednekolymsk,32.0,RU,1535660177.0,80.0,67.46,153.71,47.72,2.68
388,norman wells,40.0,CA,1535655600.0,62.0,65.28,-126.83,55.4,14.99
389,port elizabeth,40.0,US,1535658960.0,49.0,39.31,-74.98,93.02,8.05
390,oruro,75.0,BO,1535659200.0,31.0,-17.97,-67.11,60.8,9.17
391,mayo,90.0,CA,1535657220.0,87.0,63.59,-135.9,42.8,3.36
392,visby,0.0,SE,1535656800.0,93.0,57.64,18.3,59.0,4.7
394,vanino,44.0,RU,1535660179.0,46.0,53.93,40.55,69.86,12.97
395,bucerias,5.0,MX,1535658300.0,59.0,20.76,-105.33,89.6,8.05
396,biu,32.0,NG,1535660180.0,87.0,10.61,12.19,73.37,2.91
397,maun,0.0,BW,1535660182.0,26.0,-19.99,23.42,65.9,9.73
398,guerrero negro,0.0,MX,1535659901.0,53.0,27.97,-114.04,86.06,9.28
400,posse,0.0,BR,1535660183.0,36.0,-14.08,-46.36,79.22,10.63
401,margate,90.0,AU,1535659200.0,81.0,-43.03,147.26,46.4,6.93
402,conceicao da barra,0.0,BR,1535660183.0,87.0,-18.59,-39.73,74.72,8.16
403,nchelenge,0.0,ZM,1535660184.0,39.0,-9.35,28.74,68.87,5.82
404,basco,75.0,US,1535658780.0,64.0,40.33,-91.2,78.8,5.82
406,hofn,75.0,IS,1535655600.0,34.0,64.25,-15.21,50.0,4.7
407,westport,8.0,IE,1535660139.0,85.0,53.8,-9.52,54.92,8.16
408,jalu,0.0,LY,1535660121.0,42.0,29.03,21.55,80.93,6.71
409,ayagoz,88.0,KZ,1535660186.0,99.0,47.96,80.43,44.93,2.57
410,florianopolis,0.0,BR,1535659200.0,73.0,-27.6,-48.55,71.6,9.17
411,luanda,40.0,AO,1535655600.0,83.0,-8.83,13.24,69.8,4.7
412,zyryanka,32.0,RU,1535660187.0,65.0,65.73,150.89,50.96,5.82
413,berezniki,68.0,RU,1535660187.0,67.0,59.41,56.8,49.7,8.16
414,marsh harbour,48.0,BS,1535660188.0,96.0,26.54,-77.06,84.8,15.88
416,nyzy,0.0,UA,1535660188.0,47.0,50.78,34.78,69.77,9.95
417,ushtobe,20.0,KZ,1535660189.0,97.0,45.25,77.98,51.05,2.91
418,beyneu,0.0,KZ,1535660189.0,40.0,45.32,55.19,64.37,7.27
419,parkes,92.0,AU,1535660189.0,62.0,-33.14,148.18,48.26,17.22
420,manjacaze,0.0,MZ,1535660189.0,75.0,-24.71,33.88,60.77,9.73
421,talnakh,0.0,RU,1535660190.0,93.0,69.49,88.39,35.3,17.34
422,usinsk,0.0,RU,1535660190.0,89.0,66.0,57.56,45.47,3.69
423,kaitangata,24.0,NZ,1535660058.0,75.0,-46.28,169.85,39.98,4.36
424,alofi,75.0,NU,1535659200.0,78.0,-19.06,-169.92,77.0,14.99
425,oksfjord,75.0,NO,1535658600.0,87.0,70.24,22.35,50.0,12.75
426,adrar,0.0,DZ,1535655600.0,14.0,27.87,-0.29,102.2,13.87
427,vao,80.0,EE,1535660191.0,97.0,59.1,26.19,59.69,1.23
428,unai,0.0,BR,1535660192.0,33.0,-16.36,-46.91,77.24,6.15
429,lardos,0.0,GR,1535656800.0,78.0,36.09,28.02,80.6,9.17
431,slave lake,90.0,CA,1535659140.0,87.0,55.28,-114.77,53.6,14.99
433,starkville,75.0,US,1535658900.0,52.0,33.45,-88.82,89.6,3.36
435,manaure,75.0,CO,1535659200.0,74.0,11.78,-72.45,86.0,6.93
436,henties bay,0.0,NA,1535660194.0,100.0,-22.12,14.28,54.47,1.34
437,kodinsk,0.0,RU,1535660194.0,97.0,58.6,99.18,47.0,2.46
438,bocas del toro,88.0,PA,1535660041.0,100.0,9.33,-82.25,79.49,11.41
439,saurimo,0.0,AO,1535660194.0,66.0,-9.66,20.4,63.74,2.8
440,formosa do rio preto,0.0,BR,1535660195.0,32.0,-11.04,-45.19,81.11,8.72
441,pengcheng,92.0,CN,1535660195.0,96.0,36.43,114.17,65.9,5.37
442,pangnirtung,75.0,CA,1535655600.0,65.0,66.15,-65.72,46.4,14.99
443,gambela,68.0,ET,1535660196.0,97.0,8.25,34.59,64.82,1.68
444,sao felix do xingu,0.0,BR,1535660196.0,49.0,-6.64,-51.99,87.77,4.81
445,campbell river,40.0,CA,1535655600.0,52.0,50.02,-125.24,68.0,6.93
446,havoysund,75.0,NO,1535658600.0,87.0,71.0,24.66,50.0,8.05
447,shimoga,92.0,IN,1535660197.0,100.0,13.92,75.57,68.51,5.7
448,santa rosa,92.0,AR,1535660198.0,39.0,-36.62,-64.29,51.14,12.41
449,bilma,56.0,NE,1535660199.0,39.0,18.69,12.92,84.08,4.59
450,seydi,56.0,NE,1535660199.0,92.0,13.34,7.75,71.39,8.84
453,san pedro,100.0,AR,1535659897.0,67.0,-33.68,-59.66,57.62,22.03
455,mandiana,8.0,GN,1535660200.0,93.0,10.62,-8.7,70.67,4.36
456,porbandar,92.0,IN,1535660200.0,96.0,21.64,69.61,77.69,17.67
457,quanzhou,90.0,CN,1535655600.0,100.0,24.9,118.59,77.0,4.47
458,rio gallegos,75.0,AR,1535659200.0,48.0,-51.62,-69.22,44.6,17.22
459,anchorage,75.0,US,1535655360.0,66.0,61.22,-149.89,57.02,28.86
461,kjopsvik,75.0,NO,1535658600.0,76.0,68.1,16.37,53.6,28.86
462,olinda,20.0,EC,1535659200.0,58.0,-2.03,-79.75,84.2,10.29
463,severodvinsk,0.0,RU,1535657400.0,87.0,64.56,39.82,51.8,6.71
464,hayrabolu,0.0,TR,1535656800.0,94.0,41.21,27.11,71.6,10.29
465,nemuro,92.0,JP,1535660203.0,92.0,43.32,145.57,62.12,14.43
466,popesti,0.0,RO,1535657400.0,72.0,47.23,22.42,69.8,5.82
467,adre,0.0,TD,1535659200.0,73.0,13.47,22.2,77.0,8.05
468,lumsden,75.0,CA,1535655600.0,38.0,50.65,-104.86,73.4,14.99
469,arenapolis,0.0,BR,1535659987.0,63.0,-14.45,-56.85,86.33,3.69
470,wundanyi,68.0,KE,1535660204.0,83.0,-3.4,38.37,64.28,8.05
471,ayame,8.0,CI,1535660204.0,87.0,5.61,-3.16,75.44,6.82
472,ailigandi,80.0,PA,1535660204.0,95.0,9.23,-78.02,78.5,3.69
474,seminole,1.0,US,1535657700.0,26.0,32.72,-102.64,92.84,10.29
475,noyabrsk,0.0,RU,1535660205.0,74.0,63.2,75.45,41.24,14.43
476,narsaq,40.0,GL,1535658600.0,49.0,60.91,-46.05,46.4,28.86
477,arlit,36.0,NE,1535660205.0,37.0,18.74,7.39,87.77,6.15
479,fortuna,40.0,ES,1535657400.0,78.0,38.18,-1.13,80.6,9.17
480,saint-denis,0.0,FR,1535657400.0,68.0,48.94,2.36,64.4,2.24
481,ngorongoro,0.0,TZ,1535660207.0,86.0,-3.24,35.49,50.87,3.24
482,la palma,56.0,CO,1535660207.0,76.0,5.36,-74.39,76.7,1.68
483,kichera,76.0,RU,1535660208.0,100.0,55.93,110.1,52.49,0.67
484,orotukan,0.0,RU,1535660208.0,73.0,62.26,151.67,42.59,2.57
485,tombouctou,36.0,ML,1535660208.0,51.0,16.77,-3.01,87.41,7.83
486,gualeguaychu,92.0,AR,1535657400.0,87.0,-33.01,-58.51,57.2,10.29
487,maragogi,92.0,BR,1535660209.0,98.0,-9.01,-35.22,72.2,10.07
488,anadyr,0.0,RU,1535655600.0,93.0,64.73,177.51,44.6,15.66
490,ewo,20.0,CG,1535660209.0,86.0,-0.88,14.81,73.28,1.9
491,tomatlan,24.0,MX,1535660210.0,71.0,19.93,-105.25,84.89,3.91
492,dordrecht,64.0,NL,1535658900.0,87.0,51.8,4.68,60.8,2.24
493,bubaque,40.0,GW,1535655600.0,94.0,11.28,-15.83,75.2,16.11
494,kaputa,0.0,ZM,1535660210.0,61.0,-8.47,29.66,59.15,3.69
495,waterloo,90.0,CA,1535655600.0,68.0,43.47,-80.52,66.2,8.05
496,iqaluit,75.0,CA,1535655600.0,81.0,63.75,-68.52,48.2,20.8
497,buchanan,75.0,LR,1535657400.0,94.0,5.88,-10.05,78.8,4.59
498,pokhara,92.0,NP,1535660211.0,91.0,28.21,83.99,61.4,2.8
499,maniitsoq,80.0,GL,1535660211.0,99.0,65.42,-52.9,39.26,26.51
500,khasan,0.0,RU,1535660212.0,100.0,42.43,130.64,66.35,10.85
502,neuquen,0.0,AR,1535659200.0,22.0,-38.95,-68.06,53.6,6.93
503,villarrica,92.0,CL,1535659966.0,58.0,-39.28,-72.23,47.72,6.49
504,lincoln,90.0,US,1535657700.0,73.0,40.8,-96.67,81.86,11.41
506,changji,32.0,CN,1535660213.0,88.0,32.07,116.17,76.97,2.35
507,weston,40.0,US,1535658780.0,53.0,41.2,-73.38,91.04,6.93
508,veraval,0.0,FR,1535657400.0,82.0,49.65,0.71,60.8,2.24
509,moron,75.0,VE,1535659200.0,61.0,10.49,-68.2,78.8,4.59
510,san carlos de bariloche,40.0,AR,1535659200.0,36.0,-41.13,-71.31,48.2,10.29
512,palmeira,0.0,BR,1535660216.0,51.0,-25.43,-50.0,72.83,4.59
513,evensk,24.0,RU,1535660216.0,100.0,61.92,159.24,51.14,3.91
514,volchikha,76.0,RU,1535660217.0,76.0,52.02,80.36,58.25,7.05
515,lerik,0.0,AZ,1535659200.0,100.0,38.78,48.42,71.6,2.46
517,bushenyi,48.0,UG,1535660217.0,80.0,-0.54,30.19,63.56,0.56
518,bathsheba,75.0,BB,1535659200.0,74.0,13.22,-59.52,86.0,17.22
519,havre-saint-pierre,90.0,CA,1535655600.0,82.0,50.23,-63.6,60.8,9.17
520,dossor,0.0,KZ,1535660218.0,36.0,47.52,52.98,64.1,3.8
521,shetpe,0.0,KZ,1535660218.0,30.0,44.14,52.16,68.24,11.18
522,glenluce,0.0,GB,1535660218.0,100.0,54.88,-4.81,57.89,6.71
523,vila franca do campo,20.0,PT,1535657400.0,83.0,37.72,-25.43,75.2,10.29
524,erenhot,48.0,CN,1535659952.0,63.0,43.65,111.97,53.3,8.61
525,coahuayana,44.0,MX,1535660219.0,70.0,18.62,-100.35,78.59,1.57
526,pionki,32.0,PL,1535660220.0,73.0,51.47,21.44,65.09,10.74
527,craig,1.0,US,1535658960.0,2.0,40.52,-107.55,87.98,21.92
528,taicheng,92.0,CN,1535660220.0,94.0,22.25,112.8,78.68,6.26
530,kedougou,88.0,SN,1535660221.0,94.0,12.56,-12.19,73.64,6.6
532,altay,8.0,CN,1535660221.0,71.0,47.83,88.13,31.88,3.24
533,khorixas,0.0,NA,1535660221.0,72.0,-20.37,14.96,56.54,3.47
534,dhidhdhoo,64.0,MV,1535660222.0,100.0,6.88,73.1,81.56,11.74
536,maumere,64.0,ID,1535660222.0,100.0,-8.63,122.22,75.8,5.59
537,grindavik,75.0,IS,1535659200.0,87.0,63.84,-22.43,50.0,29.97
538,taoudenni,0.0,ML,1535660223.0,14.0,22.68,-3.98,90.92,7.72
539,buala,88.0,SB,1535660223.0,90.0,-8.15,159.59,81.47,8.5
540,zhigansk,92.0,RU,1535660223.0,93.0,66.77,123.37,56.27,16.78
541,polis,20.0,CY,1535657400.0,74.0,35.04,32.42,78.8,4.7
542,sao mateus do sul,8.0,BR,1535660084.0,57.0,-25.87,-50.38,72.83,6.93
543,ust-kuyga,24.0,RU,1535660224.0,85.0,70.0,135.55,50.87,7.05
545,ginir,48.0,ET,1535660224.0,68.0,7.14,40.71,64.55,6.93
546,cockburn town,44.0,TC,1535660075.0,100.0,21.46,-71.14,81.56,19.69
547,iskateley,0.0,RU,1535660225.0,83.0,67.68,53.15,45.02,11.74
548,felipe carrillo puerto,80.0,MX,1535660225.0,60.0,19.58,-88.05,88.67,6.38
549,chalchihuites,36.0,MX,1535660225.0,94.0,23.48,-103.88,64.19,3.13
550,sobolevo,0.0,RU,1535660226.0,86.0,54.43,31.9,53.84,2.35
551,san quintin,48.0,PH,1535660226.0,87.0,17.54,120.52,70.67,3.91
552,synya,0.0,RU,1535660226.0,92.0,65.37,58.04,38.54,2.57
554,bundaberg,0.0,AU,1535660227.0,94.0,-24.87,152.35,67.52,13.09
555,sisimiut,92.0,GL,1535660227.0,100.0,66.94,-53.67,33.59,4.36
556,mitsamiouli,40.0,KM,1535655600.0,88.0,-11.38,43.28,73.4,4.7
557,novikovo,0.0,UA,1535660227.0,98.0,45.05,34.56,67.07,2.57
558,byron bay,40.0,AU,1535659680.0,93.0,-28.65,153.62,51.8,12.53
559,chake chake,0.0,TZ,1535660228.0,94.0,-5.25,39.77,78.23,16.55
560,severnoye,0.0,RU,1535660228.0,80.0,54.09,52.54,62.84,8.95
561,biak,24.0,ID,1535660228.0,100.0,-0.91,122.88,74.81,3.91
562,namibe,88.0,AO,1535659759.0,100.0,-15.19,12.15,65.0,10.07
564,alushta,0.0,UA,1535660229.0,91.0,44.68,34.41,74.9,5.03
565,nauta,44.0,PE,1535660229.0,51.0,-4.51,-73.58,90.92,3.58
566,olindina,68.0,BR,1535660230.0,98.0,-11.36,-38.33,67.52,9.28
567,alugan,88.0,PH,1535660230.0,100.0,12.22,125.48,77.78,6.71
568,takoradi,24.0,GH,1535660230.0,98.0,4.89,-1.75,76.34,7.61
569,fallon,1.0,US,1535655360.0,19.0,46.84,-105.12,87.08,19.46
570,nantucket,1.0,US,1535657700.0,62.0,41.28,-70.1,86.0,16.11
571,namatanai,88.0,PG,1535660231.0,100.0,-3.66,152.44,76.88,6.15
573,shiyan,92.0,CN,1535660232.0,96.0,32.65,110.78,72.47,2.35
574,vega de alatorre,56.0,MX,1535660232.0,92.0,20.03,-96.65,79.94,4.14
575,emerald,0.0,AU,1535660232.0,82.0,-23.53,148.16,55.1,8.28
577,alberton,0.0,ZA,1535659200.0,43.0,-26.25,28.13,60.8,5.14
578,dagua,75.0,CO,1535659200.0,48.0,3.66,-76.69,86.0,6.93
579,palu,44.0,ID,1535660233.0,91.0,-0.9,119.87,63.47,1.68
580,saint-joseph,0.0,FR,1535657400.0,73.0,43.56,6.97,77.0,2.68
581,amahai,88.0,ID,1535660234.0,100.0,-3.31,129.0,79.58,7.94
583,ossora,0.0,RU,1535660235.0,91.0,59.24,163.07,51.5,6.93
584,chumikan,88.0,RU,1535660235.0,97.0,54.72,135.31,53.84,6.71
585,kudahuvadhoo,64.0,MV,1535660235.0,98.0,2.67,72.89,84.44,8.72
586,saint george,0.0,GR,1535655000.0,73.0,39.45,22.34,75.2,2.91
587,farafangana,80.0,MG,1535660236.0,98.0,-22.82,47.83,71.84,7.94
588,iroquois falls,5.0,CA,1535655600.0,62.0,48.76,-80.69,59.0,2.24
589,thayetmyo,92.0,MM,1535660236.0,96.0,19.32,95.18,74.0,5.37
591,atar,48.0,MR,1535660237.0,83.0,20.52,-13.05,82.82,2.68
592,saint marys,90.0,US,1535657820.0,63.0,41.43,-78.56,80.06,5.82
593,aquin,32.0,HT,1535660237.0,96.0,18.28,-73.39,83.72,12.3
594,del rio,1.0,US,1535658780.0,41.0,29.36,-100.9,96.98,10.29
595,hohhot,0.0,CN,1535655600.0,87.0,40.81,111.65,60.8,4.47
596,charters towers,0.0,AU,1535660238.0,87.0,-20.07,146.27,54.92,4.59
597,groa,0.0,FR,1535657400.0,87.0,48.67,-4.14,57.2,3.36
598,atagay,76.0,RU,1535660238.0,89.0,55.1,99.39,51.95,2.57
599,tutoia,20.0,BR,1535659200.0,54.0,-2.76,-42.27,84.2,12.75
600,marzuq,24.0,YE,1535660239.0,83.0,14.4,46.47,65.72,2.46
601,margaritas,92.0,MX,1535660239.0,86.0,20.45,-102.47,68.33,2.57
602,grand island,90.0,US,1535657700.0,88.0,40.92,-98.34,75.2,10.29
603,hendersonville,75.0,US,1535658780.0,52.0,36.3,-86.62,91.94,4.59
604,cabedelo,20.0,BR,1535659200.0,69.0,-6.97,-34.84,77.0,16.11
606,senno,92.0,RU,1535655600.0,87.0,57.76,27.95,59.0,4.47
607,bahia blanca,0.0,AR,1535660202.0,63.0,-38.72,-62.27,49.7,15.43
609,chipiona,8.0,PE,1535660246.0,37.0,-14.54,-75.2,67.52,2.8
610,bizhbulyak,0.0,RU,1535660246.0,83.0,53.69,54.27,62.21,8.5
611,xai-xai,0.0,MZ,1535660246.0,100.0,-25.04,33.64,67.7,13.31
612,san vicente,20.0,SV,1535658600.0,52.0,13.64,-88.78,89.6,3.36
613,iacu,68.0,BR,1535660248.0,67.0,-12.77,-40.21,72.56,13.53
614,kabin buri,92.0,TH,1535660248.0,94.0,13.95,101.72,74.99,9.51
615,kerur,92.0,IN,1535660248.0,92.0,16.02,75.57,70.76,10.07
616,poum,32.0,MK,1535660249.0,93.0,41.28,20.71,60.5,2.13
617,wilmington island,75.0,US,1535659020.0,60.0,32.0,-80.97,93.02,8.05
618,gurupi,0.0,BR,1535660249.0,41.0,-11.73,-49.07,85.52,4.59
619,hun,80.0,BE,1535658900.0,67.0,50.34,4.87,60.8,5.59
620,barra do garcas,0.0,BR,1535655600.0,25.0,-15.89,-52.26,96.8,2.24
621,puerto baquerizo moreno,75.0,EC,1535659200.0,64.0,-0.9,-89.6,75.2,10.29
622,shymkent,0.0,KZ,1535657400.0,32.0,42.31,69.59,68.0,6.71
623,meadow lake,75.0,CA,1535655600.0,63.0,54.13,-108.44,66.2,14.99
